<DATE>	<TIME>	<OPEN>	<HIGH>	<LOW>	<CLOSE>	<TICKVOL>	<VOL>	<SPREAD>
2011.10.27	12:00:00	1.40190	1.40224	1.40044	1.40174	2800	0	8
2011.10.27	12:30:00	1.40175	1.40341	1.40104	1.40313	2569	0	7
2011.10.27	13:00:00	1.40314	1.40367	1.40167	1.40202	2844	0	7
2011.10.27	13:30:00	1.40204	1.40328	1.40191	1.40296	2694	0	8
2011.10.27	14:00:00	1.40297	1.40533	1.40292	1.40431	2866	0	7
2011.10.27	14:30:00	1.40429	1.40691	1.40408	1.40672	3263	0	7
2011.10.27	15:00:00	1.40671	1.41422	1.40665	1.41361	2616	0	7
2011.10.27	15:30:00	1.41358	1.41454	1.41147	1.41270	3610	0	8
2011.10.27	16:00:00	1.41272	1.41322	1.41091	1.41109	3433	0	7
2011.10.27	16:30:00	1.41106	1.41492	1.41103	1.41426	3190	0	7
2011.10.27	17:00:00	1.41428	1.41798	1.41348	1.41625	3203	0	7
2011.10.27	17:30:00	1.41625	1.41830	1.41617	1.41718	2750	0	7
2011.10.27	18:00:00	1.41717	1.42171	1.41707	1.42031	2745	0	8
2011.10.27	18:30:00	1.42032	1.42032	1.41859	1.41860	2723	0	8
2011.10.27	19:00:00	1.41861	1.42025	1.41814	1.42002	2684	0	8
2011.10.27	19:30:00	1.42003	1.42336	1.41977	1.42317	2624	0	8
2011.10.27	20:00:00	1.42316	1.42460	1.42111	1.42176	2180	0	13
2011.10.27	20:30:00	1.42177	1.42192	1.42044	1.42079	1922	0	12
2011.10.27	21:00:00	1.42080	1.42191	1.41941	1.41956	2135	0	13
2011.10.27	21:30:00	1.41957	1.42008	1.41745	1.41840	2213	0	13
2011.10.27	22:00:00	1.41841	1.41914	1.41840	1.41871	1123	0	12
2011.10.27	22:30:00	1.41870	1.41878	1.41817	1.41876	1146	0	12
2011.10.27	23:00:00	1.41875	1.41949	1.41868	1.41872	1232	0	19
2011.10.27	23:30:00	1.41871	1.41875	1.41744	1.41844	1238	0	14
2011.10.28	00:00:00	1.41843	1.41843	1.41685	1.41685	1302	0	14
2011.10.28	00:30:00	1.41686	1.41782	1.41686	1.41729	1148	0	13
2011.10.28	01:00:00	1.41730	1.41849	1.41685	1.41830	1034	0	13
2011.10.28	01:30:00	1.41832	1.42001	1.41829	1.41984	1223	0	13
2011.10.28	02:00:00	1.41985	1.41985	1.41648	1.41699	1779	0	13
2011.10.28	02:30:00	1.41698	1.41849	1.41684	1.41823	1656	0	13
2011.10.28	03:00:00	1.41824	1.41845	1.41717	1.41727	1311	0	12
2011.10.28	03:30:00	1.41727	1.41820	1.41727	1.41739	1423	0	13
2011.10.28	04:00:00	1.41736	1.41759	1.41660	1.41709	1324	0	13
2011.10.28	04:30:00	1.41707	1.41714	1.41644	1.41680	1235	0	13
2011.10.28	05:00:00	1.41681	1.41754	1.41639	1.41681	1049	0	12
2011.10.28	05:30:00	1.41680	1.41730	1.41597	1.41671	1366	0	13
2011.10.28	06:00:00	1.41670	1.41753	1.41652	1.41704	1726	0	7
2011.10.28	06:30:00	1.41700	1.41740	1.41677	1.41731	1349	0	8
2011.10.28	07:00:00	1.41732	1.41805	1.41713	1.41785	1454	0	7
2011.10.28	07:30:00	1.41784	1.41864	1.41702	1.41845	1724	0	6
2011.10.28	08:00:00	1.41845	1.41962	1.41766	1.41828	2268	0	6
2011.10.28	08:30:00	1.41827	1.41878	1.41617	1.41820	2672	0	8
2011.10.28	09:00:00	1.41820	1.41822	1.41555	1.41636	2927	0	7
2011.10.28	09:30:00	1.41638	1.41770	1.41592	1.41700	2884	0	7
2011.10.28	10:00:00	1.41700	1.41973	1.41648	1.41878	3007	0	7
2011.10.28	10:30:00	1.41879	1.41914	1.41729	1.41790	2785	0	6
2011.10.28	11:00:00	1.41789	1.41869	1.41613	1.41678	2778	0	7
2011.10.28	11:30:00	1.41678	1.41870	1.41571	1.41750	2812	0	6
2011.10.28	12:00:00	1.41746	1.41751	1.41416	1.41495	2908	0	9
2011.10.28	12:30:00	1.41497	1.41588	1.41428	1.41549	2768	0	8
2011.10.28	13:00:00	1.41550	1.41813	1.41486	1.41547	2930	0	6
2011.10.28	13:30:00	1.41548	1.41637	1.41331	1.41562	3063	0	7
2011.10.28	14:00:00	1.41563	1.41735	1.41562	1.41722	2543	0	8
2011.10.28	14:30:00	1.41723	1.41775	1.41533	1.41641	2957	0	9
2011.10.28	15:00:00	1.41641	1.41653	1.41408	1.41432	2849	0	7
2011.10.28	15:30:00	1.41432	1.41640	1.41359	1.41541	3478	0	8
2011.10.28	16:00:00	1.41540	1.41656	1.41380	1.41552	3405	0	9
2011.10.28	16:30:00	1.41550	1.41805	1.41515	1.41744	3342	0	9
2011.10.28	17:00:00	1.41744	1.41880	1.41644	1.41681	3185	0	7
2011.10.28	17:30:00	1.41679	1.41763	1.41577	1.41628	2648	0	8
2011.10.28	18:00:00	1.41629	1.41676	1.41497	1.41516	2310	0	7
2011.10.28	18:30:00	1.41518	1.41630	1.41501	1.41612	2044	0	8
2011.10.28	19:00:00	1.41610	1.41692	1.41573	1.41675	1962	0	6
2011.10.28	19:30:00	1.41674	1.41712	1.41571	1.41675	2019	0	8
2011.10.28	20:00:00	1.41674	1.41744	1.41601	1.41696	1533	0	12
2011.10.28	20:30:00	1.41695	1.41733	1.41497	1.41530	1499	0	12
2011.10.28	21:00:00	1.41531	1.41607	1.41481	1.41604	1314	0	13
2011.10.28	21:30:00	1.41605	1.41664	1.41545	1.41571	1598	0	13
2011.10.28	22:00:00	1.41575	1.41608	1.41531	1.41605	854	0	12
2011.10.28	22:30:00	1.41604	1.41605	1.41442	1.41489	865	0	13
2011.10.28	23:00:00	1.41482	1.41482	1.41453	1.41453	10	0	53
2011.10.31	00:00:00	1.41501	1.41616	1.41396	1.41468	976	0	21
2011.10.31	00:30:00	1.41467	1.41480	1.41416	1.41432	954	0	13
2011.10.31	01:00:00	1.41434	1.41539	1.41403	1.41430	754	0	12
2011.10.31	01:30:00	1.41429	1.41452	1.41369	1.41378	705	0	12
2011.10.31	02:00:00	1.41377	1.41427	1.41341	1.41370	1030	0	12
2011.10.31	02:30:00	1.41372	1.41507	1.41360	1.41503	1226	0	12
2011.10.31	03:00:00	1.41503	1.41695	1.41228	1.41302	1771	0	12
2011.10.31	03:30:00	1.41299	1.41317	1.40781	1.40919	3542	0	15
2011.10.31	04:00:00	1.40915	1.41174	1.40376	1.40554	3380	0	14
2011.10.31	04:30:00	1.40550	1.40590	1.40282	1.40473	2708	0	13
2011.10.31	05:00:00	1.40472	1.40499	1.40231	1.40253	1620	0	13
2011.10.31	05:30:00	1.40254	1.40413	1.40139	1.40142	1880	0	13
2011.10.31	06:00:00	1.40143	1.40151	1.40002	1.40021	1626	0	13
2011.10.31	06:30:00	1.40021	1.40136	1.39897	1.39899	1607	0	12
2011.10.31	07:00:00	1.39902	1.40075	1.39863	1.40073	1931	0	6
2011.10.31	07:30:00	1.40072	1.40202	1.39957	1.39976	2181	0	7
2011.10.31	08:00:00	1.39975	1.39985	1.39753	1.39957	2511	0	8
2011.10.31	08:30:00	1.39957	1.40362	1.39868	1.40317	2586	0	6
2011.10.31	09:00:00	1.40316	1.40390	1.39981	1.40095	2722	0	6
2011.10.31	09:30:00	1.40094	1.40502	1.39961	1.40440	2766	0	7
2011.10.31	10:00:00	1.40439	1.40532	1.40140	1.40208	3162	0	8
2011.10.31	10:30:00	1.40210	1.40243	1.39882	1.39948	3330	0	8
2011.10.31	11:00:00	1.39947	1.40079	1.39880	1.39974	2971	0	9
2011.10.31	11:30:00	1.39975	1.40019	1.39822	1.39972	2623	0	7
2011.10.31	12:00:00	1.39975	1.40016	1.39786	1.39999	2565	0	7
2011.10.31	12:30:00	1.40005	1.40153	1.39903	1.40122	2388	0	7
2011.10.31	13:00:00	1.40121	1.40214	1.40036	1.40113	2216	0	8
2011.10.31	13:30:00	1.40111	1.40120	1.39932	1.40110	2265	0	7
2011.10.31	14:00:00	1.40112	1.40151	1.39932	1.39973	2164	0	7
2011.10.31	14:30:00	1.39970	1.40093	1.39695	1.40003	2734	0	6
2011.10.31	15:00:00	1.40005	1.40255	1.39963	1.40051	2520	0	6
2011.10.31	15:30:00	1.40052	1.40101	1.39862	1.39917	3057	0	7
2011.10.31	16:00:00	1.39917	1.40036	1.39787	1.40009	3051	0	7
2011.10.31	16:30:00	1.40008	1.40110	1.39836	1.39836	2934	0	6
2011.10.31	17:00:00	1.39836	1.39880	1.39488	1.39535	3181	0	8
2011.10.31	17:30:00	1.39533	1.39670	1.39311	1.39476	3086	0	6
2011.10.31	18:00:00	1.39478	1.39581	1.39058	1.39092	2675	0	7
2011.10.31	18:30:00	1.39093	1.39321	1.39086	1.39269	2540	0	7
2011.10.31	19:00:00	1.39268	1.39380	1.39210	1.39230	2413	0	8
2011.10.31	19:30:00	1.39228	1.39525	1.39228	1.39456	2210	0	7
2011.10.31	20:00:00	1.39461	1.39485	1.39273	1.39360	2378	0	8
2011.10.31	20:30:00	1.39360	1.39398	1.39134	1.39228	2381	0	7
2011.10.31	21:00:00	1.39228	1.39258	1.38529	1.38541	2310	0	13
2011.10.31	21:30:00	1.38542	1.38624	1.38287	1.38357	2641	0	13
2011.10.31	22:00:00	1.38348	1.38484	1.38343	1.38476	1492	0	12
2011.10.31	22:30:00	1.38477	1.38621	1.38477	1.38574	1250	0	12
2011.10.31	23:00:00	1.38573	1.38595	1.38508	1.38567	844	0	14
2011.10.31	23:30:00	1.38566	1.38604	1.38420	1.38594	1186	0	12
2011.11.01	00:00:00	1.38592	1.38601	1.38507	1.38577	1067	0	18
2011.11.01	00:30:00	1.38578	1.38580	1.38391	1.38439	1038	0	13
2011.11.01	01:00:00	1.38437	1.38521	1.38349	1.38486	1321	0	13
2011.11.01	01:30:00	1.38485	1.38609	1.38479	1.38583	1202	0	12
2011.11.01	02:00:00	1.38585	1.38702	1.38299	1.38544	2155	0	12
2011.11.01	02:30:00	1.38547	1.38575	1.38416	1.38510	1807	0	13
2011.11.01	03:00:00	1.38510	1.38510	1.38134	1.38358	1860	0	14
2011.11.01	03:30:00	1.38361	1.38514	1.38297	1.38457	1682	0	13
2011.11.01	04:00:00	1.38457	1.38579	1.38398	1.38530	1205	0	12
2011.11.01	04:30:00	1.38531	1.38584	1.38413	1.38431	1251	0	12
2011.11.01	05:00:00	1.38430	1.38482	1.38400	1.38436	1213	0	13
2011.11.01	05:30:00	1.38436	1.38501	1.38335	1.38450	1643	0	12
2011.11.01	06:00:00	1.38449	1.38449	1.38154	1.38156	1398	0	13
2011.11.01	06:30:00	1.38156	1.38280	1.38103	1.38132	1277	0	13
2011.11.01	07:00:00	1.38133	1.38168	1.37914	1.38006	2144	0	6
2011.11.01	07:30:00	1.38005	1.38221	1.37972	1.38131	1874	0	8
2011.11.01	08:00:00	1.38130	1.38164	1.37990	1.38090	1753	0	7
2011.11.01	08:30:00	1.38087	1.38188	1.37675	1.37681	2431	0	7
2011.11.01	09:00:00	1.37680	1.37743	1.37470	1.37654	3143	0	8
2011.11.01	09:30:00	1.37653	1.37798	1.37621	1.37751	2248	0	8
2011.11.01	10:00:00	1.37752	1.37752	1.36756	1.36898	3413	0	7
2011.11.01	10:30:00	1.36896	1.37134	1.36853	1.37027	3089	0	8
2011.11.01	11:00:00	1.37028	1.37375	1.37027	1.37337	2856	0	6
2011.11.01	11:30:00	1.37335	1.37364	1.37004	1.37013	2905	0	7
2011.11.01	12:00:00	1.37014	1.37111	1.36731	1.36860	3318	0	7
2011.11.01	12:30:00	1.36859	1.36979	1.36802	1.36978	3075	0	7
2011.11.01	13:00:00	1.36975	1.37239	1.36964	1.37199	2840	0	7
2011.11.01	13:30:00	1.37198	1.37198	1.36611	1.36785	3165	0	9
2011.11.01	14:00:00	1.36782	1.36959	1.36496	1.36805	3344	0	7
2011.11.01	14:30:00	1.36804	1.36897	1.36085	1.36369	3604	0	7
2011.11.01	15:00:00	1.36370	1.36394	1.36166	1.36337	3266	0	7
2011.11.01	15:30:00	1.36338	1.36628	1.36272	1.36561	3057	0	8
2011.11.01	16:00:00	1.36562	1.36827	1.36411	1.36791	3600	0	8
2011.11.01	16:30:00	1.36790	1.36995	1.36685	1.36685	3297	0	8
2011.11.01	17:00:00	1.36680	1.36740	1.36543	1.36570	3214	0	7
2011.11.01	17:30:00	1.36569	1.36777	1.36466	1.36761	3352	0	8
2011.11.01	18:00:00	1.36762	1.36963	1.36612	1.36859	3213	0	7
2011.11.01	18:30:00	1.36860	1.37104	1.36776	1.36802	3085	0	8
2011.11.01	19:00:00	1.36804	1.37290	1.36762	1.37204	3099	0	9
2011.11.01	19:30:00	1.37207	1.37632	1.37207	1.37364	3666	0	7
2011.11.01	20:00:00	1.37367	1.37535	1.37302	1.37494	3227	0	8
2011.11.01	20:30:00	1.37491	1.37550	1.37063	1.37118	3004	0	8
2011.11.01	21:00:00	1.37118	1.37182	1.36932	1.37054	2698	0	13
2011.11.01	21:30:00	1.37053	1.37320	1.36763	1.36948	2819	0	13
2011.11.01	22:00:00	1.36948	1.37097	1.36917	1.37009	1630	0	13
2011.11.01	22:30:00	1.37010	1.37058	1.36957	1.37006	1162	0	13
2011.11.01	23:00:00	1.37006	1.37014	1.36908	1.36925	899	0	13
2011.11.01	23:30:00	1.36924	1.37025	1.36894	1.36960	1124	0	15
2011.11.02	00:00:00	1.36963	1.37058	1.36939	1.36983	1347	0	18
2011.11.02	00:30:00	1.36986	1.37035	1.36614	1.36614	1475	0	13
2011.11.02	01:00:00	1.36615	1.36636	1.36362	1.36474	2155	0	13
2011.11.02	01:30:00	1.36473	1.36667	1.36404	1.36532	1656	0	12
2011.11.02	02:00:00	1.36531	1.36918	1.36530	1.36805	2026	0	13
2011.11.02	02:30:00	1.36808	1.36997	1.36671	1.36930	1898	0	12
2011.11.02	03:00:00	1.36934	1.37174	1.36934	1.37009	2065	0	13
2011.11.02	03:30:00	1.37007	1.37193	1.36955	1.37066	1695	0	13
2011.11.02	04:00:00	1.37068	1.37087	1.36940	1.36963	1303	0	12
2011.11.02	04:30:00	1.36964	1.37157	1.36964	1.37067	1390	0	13
2011.11.02	05:00:00	1.37065	1.37139	1.37027	1.37139	1174	0	12
2011.11.02	05:30:00	1.37140	1.37289	1.37091	1.37164	1552	0	12
2011.11.02	06:00:00	1.37162	1.37207	1.37130	1.37192	1214	0	12
2011.11.02	06:30:00	1.37193	1.37263	1.37113	1.37154	1232	0	12
2011.11.02	07:00:00	1.37154	1.37250	1.37087	1.37122	1797	0	8
2011.11.02	07:30:00	1.37123	1.37197	1.37114	1.37196	1481	0	7
2011.11.02	08:00:00	1.37198	1.37527	1.37149	1.37457	2439	0	8
2011.11.02	08:30:00	1.37456	1.37460	1.37189	1.37277	2277	0	7
2011.11.02	09:00:00	1.37278	1.37557	1.37122	1.37433	2811	0	6
2011.11.02	09:30:00	1.37434	1.37636	1.37327	1.37581	2906	0	7
2011.11.02	10:00:00	1.37585	1.37883	1.37470	1.37728	3374	0	7
2011.11.02	10:30:00	1.37728	1.37855	1.37591	1.37842	3143	0	9
2011.11.02	11:00:00	1.37840	1.38016	1.37751	1.37829	3071	0	7
2011.11.02	11:30:00	1.37825	1.37960	1.37477	1.37554	3383	0	8
2011.11.02	12:00:00	1.37556	1.37823	1.37509	1.37718	2926	0	7
2011.11.02	12:30:00	1.37717	1.37804	1.37645	1.37688	2840	0	7
2011.11.02	13:00:00	1.37685	1.37836	1.37635	1.37794	2620	0	8
2011.11.02	13:30:00	1.37794	1.37870	1.37632	1.37773	2532	0	8
2011.11.02	14:00:00	1.37774	1.37978	1.37748	1.37868	2790	0	7
2011.11.02	14:30:00	1.37869	1.37923	1.37710	1.37865	2877	0	8
2011.11.02	15:00:00	1.37869	1.38195	1.37867	1.38106	3082	0	7
2011.11.02	15:30:00	1.38105	1.38265	1.37997	1.38052	3428	0	7
2011.11.02	16:00:00	1.38049	1.38109	1.37818	1.37909	3277	0	8
2011.11.02	16:30:00	1.37911	1.38042	1.37738	1.38007	3078	0	8
2011.11.02	17:00:00	1.38007	1.38261	1.38007	1.38057	3037	0	7
2011.11.02	17:30:00	1.38056	1.38111	1.37940	1.38011	2772	0	6
2011.11.02	18:00:00	1.38008	1.38015	1.37662	1.37760	2892	0	7
2011.11.02	18:30:00	1.37759	1.37834	1.37330	1.37330	3538	0	7
2011.11.02	19:00:00	1.37330	1.37403	1.37131	1.37277	3272	0	8
2011.11.02	19:30:00	1.37283	1.37578	1.37255	1.37480	2699	0	6
2011.11.02	20:00:00	1.37480	1.37938	1.37400	1.37454	3226	0	7
2011.11.02	20:30:00	1.37456	1.37729	1.37439	1.37614	2824	0	9
2011.11.02	21:00:00	1.37615	1.37666	1.37403	1.37471	2376	0	13
2011.11.02	21:30:00	1.37471	1.37536	1.37340	1.37348	2156	0	12
2011.11.02	22:00:00	1.37349	1.37406	1.37212	1.37351	1385	0	12
2011.11.02	22:30:00	1.37351	1.37473	1.37349	1.37464	1046	0	13
2011.11.02	23:00:00	1.37465	1.37542	1.37411	1.37456	859	0	13
2011.11.02	23:30:00	1.37455	1.37519	1.37419	1.37473	807	0	14
2011.11.03	00:00:00	1.37473	1.37535	1.37423	1.37438	725	0	15
2011.11.03	00:30:00	1.37439	1.37450	1.37160	1.37264	1669	0	13
2011.11.03	01:00:00	1.37264	1.37310	1.36929	1.36936	1622	0	12
2011.11.03	01:30:00	1.36937	1.37012	1.36836	1.36876	1702	0	13
2011.11.03	02:00:00	1.36878	1.36950	1.36740	1.36922	1623	0	13
2011.11.03	02:30:00	1.36938	1.37090	1.36846	1.36921	1677	0	13
2011.11.03	03:00:00	1.36918	1.36953	1.36735	1.36813	1900	0	12
2011.11.03	03:30:00	1.36812	1.36853	1.36667	1.36725	1429	0	13
2011.11.03	04:00:00	1.36724	1.36876	1.36677	1.36787	1600	0	12
2011.11.03	04:30:00	1.36788	1.36859	1.36650	1.36822	1671	0	13
2011.11.03	05:00:00	1.36818	1.36892	1.36761	1.36858	1335	0	12
2011.11.03	05:30:00	1.36857	1.36985	1.36826	1.36984	1444	0	12
2011.11.03	06:00:00	1.36985	1.37015	1.36892	1.36961	1254	0	12
2011.11.03	06:30:00	1.36960	1.36960	1.36822	1.36933	1108	0	13
2011.11.03	07:00:00	1.36934	1.37150	1.36898	1.37096	1399	0	8
2011.11.03	07:30:00	1.37097	1.37177	1.37023	1.37076	1887	0	8
2011.11.03	08:00:00	1.37077	1.37088	1.36842	1.36874	1915	0	8
2011.11.03	08:30:00	1.36875	1.36996	1.36788	1.36871	2226	0	8
2011.11.03	09:00:00	1.36870	1.36870	1.36565	1.36624	2850	0	7
2011.11.03	09:30:00	1.36623	1.36819	1.36563	1.36729	2609	0	7
2011.11.03	10:00:00	1.36730	1.37121	1.36710	1.37023	3182	0	6
2011.11.03	10:30:00	1.37023	1.37307	1.36968	1.37261	2949	0	8
2011.11.03	11:00:00	1.37262	1.37592	1.37250	1.37457	3276	0	8
2011.11.03	11:30:00	1.37457	1.37898	1.37393	1.37747	3229	0	8
2011.11.03	12:00:00	1.37746	1.38054	1.37746	1.37827	3373	0	8
2011.11.03	12:30:00	1.37827	1.38043	1.37696	1.37933	3176	0	7
2011.11.03	13:00:00	1.37928	1.38162	1.37662	1.37975	3481	0	7
2011.11.03	13:30:00	1.37977	1.38164	1.37780	1.38028	3313	0	8
2011.11.03	14:00:00	1.38029	1.38327	1.38024	1.38192	3033	0	10
2011.11.03	14:30:00	1.38193	1.38218	1.37218	1.37826	3534	0	8
2011.11.03	15:00:00	1.37827	1.37832	1.37466	1.37531	3515	0	9
2011.11.03	15:30:00	1.37529	1.37552	1.36764	1.36854	3689	0	9
2011.11.03	16:00:00	1.36844	1.37394	1.36601	1.37273	3848	0	8
2011.11.03	16:30:00	1.37274	1.37869	1.37262	1.37555	3730	0	8
2011.11.03	17:00:00	1.37557	1.37808	1.37380	1.37633	3355	0	7
2011.11.03	17:30:00	1.37633	1.37660	1.37377	1.37412	3138	0	8
2011.11.03	18:00:00	1.37414	1.37654	1.37364	1.37644	2917	0	8
2011.11.03	18:30:00	1.37643	1.37946	1.37463	1.37908	2788	0	7
2011.11.03	19:00:00	1.37909	1.38337	1.37815	1.38183	2900	0	7
2011.11.03	19:30:00	1.38187	1.38541	1.38084	1.38284	2865	0	9
2011.11.03	20:00:00	1.38285	1.38410	1.38130	1.38177	2518	0	7
2011.11.03	20:30:00	1.38176	1.38325	1.38143	1.38320	1975	0	18
2011.11.03	21:00:00	1.38319	1.38505	1.38286	1.38373	2001	0	13
2011.11.03	21:30:00	1.38374	1.38474	1.38055	1.38131	2113	0	13
2011.11.03	22:00:00	1.38129	1.38184	1.38071	1.38176	999	0	12
2011.11.03	22:30:00	1.38175	1.38228	1.38113	1.38221	967	0	14
2011.11.03	23:00:00	1.38221	1.38250	1.38119	1.38128	904	0	16
2011.11.03	23:30:00	1.38128	1.38153	1.38089	1.38128	752	0	13
2011.11.04	00:00:00	1.38128	1.38179	1.38116	1.38125	1038	0	18
2011.11.04	00:30:00	1.38127	1.38272	1.37979	1.38232	1635	0	13
2011.11.04	01:00:00	1.38233	1.38305	1.38154	1.38214	1419	0	12
2011.11.04	01:30:00	1.38215	1.38374	1.38215	1.38222	1445	0	12
2011.11.04	02:00:00	1.38221	1.38307	1.38159	1.38168	1457	0	12
2011.11.04	02:30:00	1.38166	1.38191	1.37942	1.37943	1578	0	12
2011.11.04	03:00:00	1.37944	1.38133	1.37944	1.38072	1343	0	12
2011.11.04	03:30:00	1.38071	1.38205	1.38059	1.38155	1087	0	12
2011.11.04	04:00:00	1.38154	1.38172	1.38017	1.38092	979	0	12
2011.11.04	04:30:00	1.38090	1.38099	1.37973	1.37995	1165	0	12
2011.11.04	05:00:00	1.37995	1.38013	1.37877	1.37969	1350	0	12
2011.11.04	05:30:00	1.37969	1.38106	1.37969	1.38037	1111	0	12
2011.11.04	06:00:00	1.38037	1.38146	1.38024	1.38137	1002	0	12
2011.11.04	06:30:00	1.38136	1.38206	1.38111	1.38146	970	0	12
2011.11.04	07:00:00	1.38146	1.38157	1.38094	1.38148	1119	0	6
2011.11.04	07:30:00	1.38148	1.38188	1.38093	1.38136	1376	0	8
2011.11.04	08:00:00	1.38139	1.38265	1.38137	1.38145	1371	0	8
2011.11.04	08:30:00	1.38147	1.38159	1.37984	1.38142	1771	0	8
2011.11.04	09:00:00	1.38142	1.38353	1.38132	1.38195	2574	0	8
2011.11.04	09:30:00	1.38194	1.38205	1.37900	1.37996	2609	0	7
2011.11.04	10:00:00	1.37998	1.38238	1.37937	1.38091	2975	0	8
2011.11.04	10:30:00	1.38092	1.38146	1.37873	1.38003	2970	0	8
2011.11.04	11:00:00	1.38001	1.38314	1.37971	1.38299	3202	0	6
2011.11.04	11:30:00	1.38297	1.38541	1.38284	1.38457	3064	0	10
2011.11.04	12:00:00	1.38457	1.38503	1.38293	1.38342	2743	0	7
2011.11.04	12:30:00	1.38342	1.38480	1.38204	1.38321	2622	0	8
2011.11.04	13:00:00	1.38320	1.38419	1.38235	1.38394	2699	0	6
2011.11.04	13:30:00	1.38392	1.38543	1.38297	1.38366	2449	0	9
2011.11.04	14:00:00	1.38362	1.38363	1.38108	1.38311	3359	0	7
2011.11.04	14:30:00	1.38315	1.38655	1.38077	1.38158	3735	0	8
2011.11.04	15:00:00	1.38155	1.38194	1.37550	1.37716	3509	0	6
2011.11.04	15:30:00	1.37720	1.37777	1.37235	1.37293	3792	0	9
2011.11.04	16:00:00	1.37287	1.37403	1.37137	1.37316	3536	0	8
2011.11.04	16:30:00	1.37319	1.37459	1.37111	1.37352	3402	0	7
2011.11.04	17:00:00	1.37353	1.37489	1.37241	1.37359	3330	0	6
2011.11.04	17:30:00	1.37359	1.37623	1.37330	1.37599	3285	0	8
2011.11.04	18:00:00	1.37598	1.37666	1.37426	1.37510	2902	0	7
2011.11.04	18:30:00	1.37520	1.37558	1.37393	1.37456	2309	0	7
2011.11.04	19:00:00	1.37458	1.37916	1.37446	1.37873	2458	0	6
2011.11.04	19:30:00	1.37872	1.38026	1.37794	1.37929	2640	0	8
2011.11.04	20:00:00	1.37932	1.37985	1.37783	1.37842	2197	0	7
2011.11.04	20:30:00	1.37842	1.37844	1.37698	1.37751	2053	0	7
2011.11.04	21:00:00	1.37752	1.37795	1.37672	1.37701	1614	0	12
2011.11.04	21:30:00	1.37700	1.37783	1.37587	1.37698	1966	0	13
2011.11.04	22:00:00	1.37701	1.37767	1.37691	1.37762	1144	0	12
2011.11.04	22:30:00	1.37763	1.37915	1.37674	1.37907	1262	0	13
2011.11.04	23:00:00	1.37908	1.37908	1.37885	1.37898	15	0	31
2011.11.07	00:00:00	1.38160	1.38166	1.38009	1.38024	1796	0	12
2011.11.07	00:30:00	1.38023	1.38024	1.37772	1.37860	1597	0	12
2011.11.07	01:00:00	1.37859	1.38008	1.37859	1.37934	1573	0	12
2011.11.07	01:30:00	1.37934	1.37977	1.37777	1.37855	1433	0	12
2011.11.07	02:00:00	1.37854	1.37914	1.37580	1.37655	1737	0	12
2011.11.07	02:30:00	1.37654	1.37703	1.37563	1.37624	1551	0	13
2011.11.07	03:00:00	1.37618	1.37796	1.37541	1.37786	1473	0	12
2011.11.07	03:30:00	1.37785	1.37803	1.37647	1.37678	1039	0	12
2011.11.07	04:00:00	1.37679	1.37735	1.37567	1.37703	1107	0	12
2011.11.07	04:30:00	1.37704	1.37824	1.37625	1.37694	1633	0	12
2011.11.07	05:00:00	1.37695	1.37741	1.37670	1.37733	1171	0	12
2011.11.07	05:30:00	1.37732	1.37740	1.37643	1.37738	1016	0	12
2011.11.07	06:00:00	1.37740	1.37758	1.37699	1.37699	1310	0	6
2011.11.07	06:30:00	1.37696	1.37696	1.37597	1.37660	1390	0	6
2011.11.07	07:00:00	1.37659	1.37697	1.37521	1.37657	1813	0	8
2011.11.07	07:30:00	1.37658	1.37747	1.37610	1.37724	1846	0	7
2011.11.07	08:00:00	1.37723	1.37743	1.37460	1.37460	2067	0	9
2011.11.07	08:30:00	1.37463	1.37481	1.37143	1.37257	2689	0	7
2011.11.07	09:00:00	1.37259	1.37391	1.37058	1.37073	3023	0	7
2011.11.07	09:30:00	1.37074	1.37234	1.36972	1.37131	3110	0	7
2011.11.07	10:00:00	1.37132	1.37237	1.37056	1.37214	2605	0	8
2011.11.07	10:30:00	1.37217	1.37328	1.37085	1.37092	2647	0	8
2011.11.07	11:00:00	1.37091	1.37092	1.36814	1.37028	2719	0	7
2011.11.07	11:30:00	1.37044	1.37296	1.37044	1.37193	2631	0	6
2011.11.07	12:00:00	1.37192	1.37854	1.37136	1.37615	3029	0	7
2011.11.07	12:30:00	1.37616	1.37803	1.37487	1.37492	2890	0	8
2011.11.07	13:00:00	1.37494	1.37613	1.37430	1.37562	2918	0	7
2011.11.07	13:30:00	1.37561	1.37661	1.37500	1.37588	2048	0	7
2011.11.07	14:00:00	1.37590	1.37646	1.37242	1.37265	2394	0	7
2011.11.07	14:30:00	1.37264	1.37404	1.37221	1.37385	2347	0	7
2011.11.07	15:00:00	1.37388	1.37842	1.37340	1.37710	3015	0	8
2011.11.07	15:30:00	1.37710	1.38123	1.37631	1.38061	3395	0	7
2011.11.07	16:00:00	1.38058	1.38100	1.37709	1.37711	3193	0	7
2011.11.07	16:30:00	1.37711	1.37783	1.37444	1.37503	3122	0	7
2011.11.07	17:00:00	1.37500	1.37716	1.37305	1.37385	3004	0	8
2011.11.07	17:30:00	1.37385	1.37490	1.37344	1.37425	2738	0	7
2011.11.07	18:00:00	1.37424	1.37528	1.37282	1.37296	2559	0	9
2011.11.07	18:30:00	1.37306	1.37466	1.37265	1.37465	2209	0	7
2011.11.07	19:00:00	1.37459	1.37494	1.37361	1.37485	1882	0	6
2011.11.07	19:30:00	1.37484	1.37750	1.37412	1.37618	1690	0	6
2011.11.07	20:00:00	1.37619	1.37703	1.37597	1.37623	1944	0	13
2011.11.07	20:30:00	1.37625	1.37720	1.37520	1.37720	1673	0	12
2011.11.07	21:00:00	1.37727	1.37840	1.37657	1.37662	1453	0	12
2011.11.07	21:30:00	1.37664	1.37829	1.37659	1.37802	1577	0	12
2011.11.07	22:00:00	1.37801	1.37810	1.37633	1.37709	1198	0	12
2011.11.07	22:30:00	1.37708	1.37774	1.37672	1.37758	1211	0	12
2011.11.07	23:00:00	1.37752	1.37755	1.37653	1.37668	1145	0	18
2011.11.07	23:30:00	1.37668	1.37690	1.37633	1.37643	854	0	14
2011.11.08	00:00:00	1.37647	1.37666	1.37587	1.37587	1264	0	12
2011.11.08	00:30:00	1.37588	1.37651	1.37517	1.37586	1309	0	12
2011.11.08	01:00:00	1.37586	1.37634	1.37547	1.37566	1340	0	12
2011.11.08	01:30:00	1.37564	1.37567	1.37381	1.37530	1398	0	13
2011.11.08	02:00:00	1.37530	1.37582	1.37495	1.37554	1205	0	13
2011.11.08	02:30:00	1.37555	1.37588	1.37466	1.37575	1196	0	12
2011.11.08	03:00:00	1.37576	1.37602	1.37484	1.37560	1239	0	12
2011.11.08	03:30:00	1.37562	1.37667	1.37536	1.37573	1060	0	12
2011.11.08	04:00:00	1.37574	1.37725	1.37573	1.37691	1045	0	12
2011.11.08	04:30:00	1.37690	1.37736	1.37568	1.37573	1180	0	12
2011.11.08	05:00:00	1.37574	1.37575	1.37462	1.37478	1146	0	12
2011.11.08	05:30:00	1.37479	1.37494	1.37410	1.37467	1145	0	12
2011.11.08	06:00:00	1.37470	1.37532	1.37414	1.37470	1598	0	5
2011.11.08	06:30:00	1.37469	1.37512	1.37399	1.37474	1480	0	6
2011.11.08	07:00:00	1.37475	1.37478	1.37358	1.37432	1689	0	6
2011.11.08	07:30:00	1.37435	1.37532	1.37424	1.37516	1630	0	7
2011.11.08	08:00:00	1.37518	1.37639	1.37454	1.37515	2123	0	8
2011.11.08	08:30:00	1.37516	1.37541	1.37297	1.37313	2505	0	8
2011.11.08	09:00:00	1.37317	1.37711	1.37242	1.37629	2964	0	7
2011.11.08	09:30:00	1.37630	1.37825	1.37596	1.37690	2850	0	6
2011.11.08	10:00:00	1.37692	1.37923	1.37687	1.37856	2896	0	7
2011.11.08	10:30:00	1.37857	1.37877	1.37633	1.37639	2579	0	6
2011.11.08	11:00:00	1.37637	1.37847	1.37605	1.37823	2475	0	7
2011.11.08	11:30:00	1.37828	1.37846	1.37689	1.37814	2649	0	7
2011.11.08	12:00:00	1.37812	1.37818	1.37589	1.37626	2198	0	7
2011.11.08	12:30:00	1.37625	1.37782	1.37566	1.37612	2325	0	8
2011.11.08	13:00:00	1.37611	1.37730	1.37576	1.37709	2277	0	7
2011.11.08	13:30:00	1.37710	1.38015	1.37698	1.37904	2802	0	7
2011.11.08	14:00:00	1.37903	1.38024	1.37839	1.37851	2298	0	7
2011.11.08	14:30:00	1.37851	1.38006	1.37758	1.37897	2463	0	7
2011.11.08	15:00:00	1.37897	1.38223	1.37869	1.38103	2986	0	8
2011.11.08	15:30:00	1.38105	1.38329	1.38070	1.38329	3049	0	7
2011.11.08	16:00:00	1.38334	1.38429	1.37739	1.37819	3374	0	9
2011.11.08	16:30:00	1.37818	1.38101	1.37749	1.38068	3352	0	8
2011.11.08	17:00:00	1.38068	1.38072	1.37753	1.37839	3191	0	7
2011.11.08	17:30:00	1.37841	1.37931	1.37774	1.37841	2695	0	7
2011.11.08	18:00:00	1.37841	1.37993	1.37784	1.37913	2415	0	7
2011.11.08	18:30:00	1.37915	1.37954	1.37812	1.37814	1860	0	7
2011.11.08	19:00:00	1.37815	1.37868	1.37660	1.37861	2110	0	7
2011.11.08	19:30:00	1.37862	1.38464	1.37805	1.38346	2582	0	8
2011.11.08	20:00:00	1.38346	1.38384	1.38114	1.38372	2191	0	14
2011.11.08	20:30:00	1.38375	1.38452	1.38309	1.38419	1935	0	18
2011.11.08	21:00:00	1.38421	1.38426	1.38264	1.38356	1571	0	18
2011.11.08	21:30:00	1.38358	1.38442	1.38285	1.38362	1626	0	16
2011.11.08	22:00:00	1.38360	1.38435	1.38321	1.38335	859	0	18
2011.11.08	22:30:00	1.38335	1.38375	1.38318	1.38326	846	0	18
2011.11.08	23:00:00	1.38325	1.38374	1.38260	1.38286	813	0	18
2011.11.08	23:30:00	1.38287	1.38333	1.38268	1.38287	771	0	12
2011.11.09	00:00:00	1.38283	1.38300	1.38239	1.38256	786	0	12
2011.11.09	00:30:00	1.38257	1.38332	1.38241	1.38242	907	0	12
2011.11.09	01:00:00	1.38242	1.38297	1.38149	1.38213	1353	0	12
2011.11.09	01:30:00	1.38213	1.38370	1.38210	1.38358	1054	0	12
2011.11.09	02:00:00	1.38357	1.38580	1.38326	1.38522	1490	0	14
2011.11.09	02:30:00	1.38518	1.38530	1.38348	1.38382	1805	0	18
2011.11.09	03:00:00	1.38384	1.38431	1.38327	1.38373	1180	0	18
2011.11.09	03:30:00	1.38375	1.38390	1.38335	1.38355	772	0	18
2011.11.09	04:00:00	1.38356	1.38388	1.38283	1.38348	1263	0	14
2011.11.09	04:30:00	1.38347	1.38360	1.38276	1.38314	1191	0	14
2011.11.09	05:00:00	1.38316	1.38372	1.38307	1.38357	1019	0	13
2011.11.09	05:30:00	1.38355	1.38361	1.38232	1.38253	1112	0	12
2011.11.09	06:00:00	1.38256	1.38292	1.38181	1.38245	1339	0	7
2011.11.09	06:30:00	1.38246	1.38373	1.38236	1.38367	1540	0	7
2011.11.09	07:00:00	1.38368	1.38376	1.38151	1.38196	1709	0	8
2011.11.09	07:30:00	1.38193	1.38286	1.38163	1.38174	1715	0	7
2011.11.09	08:00:00	1.38174	1.38247	1.37933	1.38033	2841	0	8
2011.11.09	08:30:00	1.38033	1.38047	1.37828	1.37917	2500	0	7
2011.11.09	09:00:00	1.37918	1.37925	1.37758	1.37870	2855	0	7
2011.11.09	09:30:00	1.37870	1.38078	1.37832	1.38011	2831	0	7
2011.11.09	10:00:00	1.38016	1.38018	1.37298	1.37422	3577	0	7
2011.11.09	10:30:00	1.37424	1.37458	1.36954	1.37070	3262	0	8
2011.11.09	11:00:00	1.37068	1.37141	1.36668	1.36775	3440	0	8
2011.11.09	11:30:00	1.36771	1.36896	1.36578	1.36806	3248	0	7
2011.11.09	12:00:00	1.36807	1.36812	1.36266	1.36348	3253	0	7
2011.11.09	12:30:00	1.36350	1.36451	1.36299	1.36354	3064	0	7
2011.11.09	13:00:00	1.36353	1.36463	1.36222	1.36307	3026	0	8
2011.11.09	13:30:00	1.36306	1.36636	1.36175	1.36548	3047	0	8
2011.11.09	14:00:00	1.36548	1.36576	1.36159	1.36169	2730	0	8
2011.11.09	14:30:00	1.35993	1.36188	1.35799	1.36126	4562	0	11
2011.11.09	15:00:00	1.36125	1.36225	1.35932	1.36035	3018	0	8
2011.11.09	15:30:00	1.36031	1.36064	1.35532	1.35635	3697	0	7
2011.11.09	16:00:00	1.35629	1.35880	1.35616	1.35634	3382	0	8
2011.11.09	16:30:00	1.35634	1.35956	1.35542	1.35855	3372	0	7
2011.11.09	17:00:00	1.35855	1.36078	1.35725	1.35940	3094	0	7
2011.11.09	17:30:00	1.35939	1.36071	1.35883	1.35948	2978	0	7
2011.11.09	18:00:00	1.35949	1.36031	1.35824	1.35830	2777	0	8
2011.11.09	18:30:00	1.35827	1.36058	1.35827	1.36056	2542	0	7
2011.11.09	19:00:00	1.36053	1.36059	1.35762	1.35842	2476	0	8
2011.11.09	19:30:00	1.35842	1.35842	1.35513	1.35617	2558	0	7
2011.11.09	20:00:00	1.35616	1.35623	1.35281	1.35414	2636	0	13
2011.11.09	20:30:00	1.35412	1.35479	1.35231	1.35397	2546	0	13
2011.11.09	21:00:00	1.35395	1.35593	1.35351	1.35474	2211	0	13
2011.11.09	21:30:00	1.35471	1.35584	1.35395	1.35531	2323	0	13
2011.11.09	22:00:00	1.35529	1.35569	1.35399	1.35498	1444	0	12
2011.11.09	22:30:00	1.35500	1.35503	1.35408	1.35412	1321	0	13
2011.11.09	23:00:00	1.35413	1.35448	1.35336	1.35405	1009	0	19
2011.11.09	23:30:00	1.35404	1.35406	1.35218	1.35227	1214	0	13
2011.11.10	00:00:00	1.35238	1.35360	1.35216	1.35234	1327	0	18
2011.11.10	00:30:00	1.35233	1.35302	1.35221	1.35252	1207	0	18
2011.11.10	01:00:00	1.35253	1.35326	1.35137	1.35183	1750	0	18
2011.11.10	01:30:00	1.35184	1.35342	1.35138	1.35306	1820	0	18
2011.11.10	02:00:00	1.35306	1.35363	1.35270	1.35340	1381	0	13
2011.11.10	02:30:00	1.35340	1.35488	1.35328	1.35441	1333	0	12
2011.11.10	03:00:00	1.35442	1.35481	1.35343	1.35481	1085	0	12
2011.11.10	03:30:00	1.35480	1.35480	1.35371	1.35387	1069	0	12
2011.11.10	04:00:00	1.35387	1.35467	1.35387	1.35447	1133	0	12
2011.11.10	04:30:00	1.35449	1.35460	1.35316	1.35365	1424	0	13
2011.11.10	05:00:00	1.35365	1.35390	1.35316	1.35331	1164	0	13
2011.11.10	05:30:00	1.35331	1.35396	1.35317	1.35372	1176	0	12
2011.11.10	06:00:00	1.35372	1.35581	1.35372	1.35513	1710	0	5
2011.11.10	06:30:00	1.35511	1.35511	1.35376	1.35444	1877	0	6
2011.11.10	07:00:00	1.35441	1.35480	1.35253	1.35373	1822	0	5
2011.11.10	07:30:00	1.35371	1.35382	1.35043	1.35049	1996	0	8
2011.11.10	08:00:00	1.35050	1.35148	1.34837	1.35080	2824	0	8
2011.11.10	08:30:00	1.35081	1.35256	1.34881	1.34963	2647	0	9
2011.11.10	09:00:00	1.34967	1.35517	1.34960	1.35401	3123	0	9
2011.11.10	09:30:00	1.35402	1.35807	1.35239	1.35729	3158	0	9
2011.11.10	10:00:00	1.35728	1.35781	1.35575	1.35720	3243	0	7
2011.11.10	10:30:00	1.35721	1.36175	1.35640	1.36025	3396	0	8
2011.11.10	11:00:00	1.36030	1.36287	1.35858	1.35908	3338	0	8
2011.11.10	11:30:00	1.35907	1.35970	1.35555	1.35828	3188	0	8
2011.11.10	12:00:00	1.35827	1.35887	1.35645	1.35784	2896	0	8
2011.11.10	12:30:00	1.35785	1.35960	1.35688	1.35946	2853	0	8
2011.11.10	13:00:00	1.35950	1.36251	1.35950	1.36064	3133	0	7
2011.11.10	13:30:00	1.36065	1.36438	1.36013	1.36316	3095	0	8
2011.11.10	14:00:00	1.36316	1.36393	1.36092	1.36326	2814	0	7
2011.11.10	14:30:00	1.36324	1.36518	1.36216	1.36427	3043	0	7
2011.11.10	15:00:00	1.36429	1.36436	1.36138	1.36247	2917	0	7
2011.11.10	15:30:00	1.36251	1.36274	1.35759	1.35784	3393	0	7
2011.11.10	16:00:00	1.35785	1.35913	1.35626	1.35650	3425	0	7
2011.11.10	16:30:00	1.35652	1.35890	1.35502	1.35870	3349	0	10
2011.11.10	17:00:00	1.35871	1.35920	1.35664	1.35680	3025	0	8
2011.11.10	17:30:00	1.35680	1.36241	1.35632	1.35993	3250	0	7
2011.11.10	18:00:00	1.35991	1.36163	1.35834	1.36022	2907	0	8
2011.11.10	18:30:00	1.36020	1.36140	1.35974	1.36120	2254	0	7
2011.11.10	19:00:00	1.36122	1.36326	1.36122	1.36234	2459	0	8
2011.11.10	19:30:00	1.36227	1.36341	1.36126	1.36176	2346	0	6
2011.11.10	20:00:00	1.36180	1.36222	1.35965	1.35981	1972	0	12
2011.11.10	20:30:00	1.35983	1.36005	1.35795	1.35808	1952	0	13
2011.11.10	21:00:00	1.35807	1.36030	1.35766	1.36010	1878	0	12
2011.11.10	21:30:00	1.36009	1.36030	1.35943	1.36020	1856	0	14
2011.11.10	22:00:00	1.36018	1.36085	1.36009	1.36075	990	0	13
2011.11.10	22:30:00	1.36076	1.36123	1.35983	1.36062	1241	0	13
2011.11.10	23:00:00	1.36094	1.36164	1.35971	1.36011	1167	0	18
2011.11.10	23:30:00	1.36010	1.36108	1.35998	1.36082	783	0	13
2011.11.11	00:00:00	1.36086	1.36112	1.35998	1.36003	834	0	12
2011.11.11	00:30:00	1.36004	1.36155	1.35987	1.36087	972	0	12
2011.11.11	01:00:00	1.36086	1.36130	1.35928	1.36010	1393	0	13
2011.11.11	01:30:00	1.36011	1.36045	1.35845	1.35897	1479	0	13
2011.11.11	02:00:00	1.35899	1.35939	1.35778	1.35838	1382	0	13
2011.11.11	02:30:00	1.35839	1.35964	1.35802	1.35944	1511	0	13
2011.11.11	03:00:00	1.35946	1.36113	1.35930	1.36085	1490	0	13
2011.11.11	03:30:00	1.36086	1.36261	1.36051	1.36200	1593	0	13
2011.11.11	04:00:00	1.36199	1.36269	1.36161	1.36266	1275	0	13
2011.11.11	04:30:00	1.36267	1.36329	1.36238	1.36264	1411	0	12
2011.11.11	05:00:00	1.36263	1.36293	1.36224	1.36282	1008	0	12
2011.11.11	05:30:00	1.36281	1.36293	1.36233	1.36240	991	0	13
2011.11.11	06:00:00	1.36239	1.36272	1.36180	1.36226	1180	0	6
2011.11.11	06:30:00	1.36226	1.36296	1.36180	1.36250	1516	0	7
2011.11.11	07:00:00	1.36251	1.36265	1.36096	1.36151	1892	0	8
2011.11.11	07:30:00	1.36153	1.36270	1.36091	1.36201	1895	0	7
2011.11.11	08:00:00	1.36199	1.36468	1.36103	1.36320	2318	0	8
2011.11.11	08:30:00	1.36319	1.36391	1.36180	1.36224	2492	0	7
2011.11.11	09:00:00	1.36222	1.36667	1.36021	1.36551	3196	0	7
2011.11.11	09:30:00	1.36552	1.36661	1.36397	1.36476	2983	0	14
2011.11.11	10:00:00	1.36477	1.36596	1.36356	1.36544	2747	0	14
2011.11.11	10:30:00	1.36543	1.36552	1.36237	1.36372	2791	0	8
2011.11.11	11:00:00	1.36375	1.36545	1.36338	1.36402	2690	0	9
2011.11.11	11:30:00	1.36404	1.36424	1.36159	1.36218	2704	0	8
2011.11.11	12:00:00	1.36220	1.36496	1.36151	1.36470	2535	0	8
2011.11.11	12:30:00	1.36471	1.36495	1.36303	1.36332	2206	0	9
2011.11.11	13:00:00	1.36331	1.36438	1.36235	1.36386	2531	0	7
2011.11.11	13:30:00	1.36385	1.36522	1.36369	1.36453	2104	0	10
2011.11.11	14:00:00	1.36456	1.36626	1.36441	1.36567	2214	0	18
2011.11.11	14:30:00	1.36565	1.36664	1.36408	1.36551	2283	0	10
2011.11.11	15:00:00	1.36551	1.36900	1.36519	1.36878	2702	0	8
2011.11.11	15:30:00	1.36877	1.37034	1.36806	1.36845	3083	0	9
2011.11.11	16:00:00	1.36845	1.37067	1.36795	1.37030	3101	0	7
2011.11.11	16:30:00	1.37028	1.37453	1.37017	1.37372	3255	0	7
2011.11.11	17:00:00	1.37371	1.37828	1.37308	1.37685	3022	0	8
2011.11.11	17:30:00	1.37684	1.37880	1.37643	1.37765	2611	0	8
2011.11.11	18:00:00	1.37769	1.37944	1.37699	1.37789	2461	0	8
2011.11.11	18:30:00	1.37792	1.37801	1.37466	1.37473	2233	0	7
2011.11.11	19:00:00	1.37472	1.37706	1.37446	1.37498	1844	0	6
2011.11.11	19:30:00	1.37499	1.37625	1.37475	1.37523	1678	0	6
2011.11.11	20:00:00	1.37527	1.37682	1.37526	1.37591	1287	0	12
2011.11.11	20:30:00	1.37591	1.37716	1.37566	1.37672	500	0	13
2011.11.14	00:00:00	1.37759	1.37880	1.37723	1.37824	1306	0	13
2011.11.14	00:30:00	1.37823	1.37919	1.37791	1.37843	1485	0	13
2011.11.14	01:00:00	1.37842	1.37883	1.37581	1.37647	1807	0	13
2011.11.14	01:30:00	1.37648	1.37719	1.37561	1.37627	1642	0	13
2011.11.14	02:00:00	1.37625	1.37723	1.37613	1.37701	1404	0	13
2011.11.14	02:30:00	1.37702	1.37713	1.37544	1.37603	1484	0	12
2011.11.14	03:00:00	1.37604	1.37661	1.37566	1.37584	1258	0	12
2011.11.14	03:30:00	1.37583	1.37682	1.37574	1.37653	1094	0	13
2011.11.14	04:00:00	1.37652	1.37738	1.37646	1.37726	1113	0	13
2011.11.14	04:30:00	1.37727	1.37772	1.37678	1.37697	996	0	13
2011.11.14	05:00:00	1.37698	1.37732	1.37663	1.37699	984	0	12
2011.11.14	05:30:00	1.37700	1.37752	1.37676	1.37685	851	0	12
2011.11.14	06:00:00	1.37688	1.37696	1.37586	1.37666	1451	0	8
2011.11.14	06:30:00	1.37670	1.37694	1.37471	1.37505	1665	0	8
2011.11.14	07:00:00	1.37503	1.37549	1.37409	1.37425	1817	0	8
2011.11.14	07:30:00	1.37425	1.37578	1.37416	1.37545	1781	0	8
2011.11.14	08:00:00	1.37546	1.37737	1.37504	1.37671	2503	0	8
2011.11.14	08:30:00	1.37672	1.37710	1.37323	1.37361	2609	0	7
2011.11.14	09:00:00	1.37361	1.37558	1.37163	1.37195	3081	0	8
2011.11.14	09:30:00	1.37196	1.37301	1.36997	1.37263	2952	0	7
2011.11.14	10:00:00	1.37263	1.37280	1.36912	1.36985	2959	0	7
2011.11.14	10:30:00	1.36984	1.37086	1.36882	1.36976	2878	0	8
2011.11.14	11:00:00	1.36976	1.37200	1.36796	1.37152	2910	0	8
2011.11.14	11:30:00	1.37150	1.37216	1.36960	1.36974	2609	0	8
2011.11.14	12:00:00	1.36972	1.36990	1.36560	1.36645	3022	0	8
2011.11.14	12:30:00	1.36647	1.36809	1.36597	1.36622	2809	0	9
2011.11.14	13:00:00	1.36621	1.36638	1.36464	1.36500	2751	0	8
2011.11.14	13:30:00	1.36498	1.36545	1.36357	1.36486	2609	0	6
2011.11.14	14:00:00	1.36487	1.36619	1.36407	1.36484	2457	0	8
2011.11.14	14:30:00	1.36485	1.36701	1.36379	1.36483	2570	0	8
2011.11.14	15:00:00	1.36483	1.36533	1.36252	1.36521	2726	0	8
2011.11.14	15:30:00	1.36519	1.36576	1.36223	1.36287	3348	0	7
2011.11.14	16:00:00	1.36284	1.36411	1.36154	1.36300	3144	0	7
2011.11.14	16:30:00	1.36301	1.36462	1.36227	1.36322	2929	0	7
2011.11.14	17:00:00	1.36325	1.36471	1.36237	1.36308	2898	0	8
2011.11.14	17:30:00	1.36310	1.36389	1.36100	1.36240	2816	0	9
2011.11.14	18:00:00	1.36239	1.36338	1.35960	1.36052	2812	0	8
2011.11.14	18:30:00	1.36050	1.36222	1.35914	1.36198	2639	0	9
2011.11.14	19:00:00	1.36195	1.36303	1.36124	1.36272	2040	0	7
2011.11.14	19:30:00	1.36272	1.36318	1.36182	1.36212	2097	0	9
2011.11.14	20:00:00	1.36213	1.36310	1.36208	1.36235	1509	0	13
2011.11.14	20:30:00	1.36234	1.36288	1.36103	1.36114	1523	0	13
2011.11.14	21:00:00	1.36113	1.36433	1.36111	1.36331	1487	0	13
2011.11.14	21:30:00	1.36331	1.36418	1.36242	1.36254	1507	0	13
2011.11.14	22:00:00	1.36252	1.36324	1.36227	1.36315	1094	0	13
2011.11.14	22:30:00	1.36314	1.36336	1.36238	1.36322	1097	0	14
2011.11.14	23:00:00	1.36296	1.36346	1.36191	1.36274	1182	0	20
2011.11.14	23:30:00	1.36275	1.36275	1.36144	1.36210	1209	0	14
2011.11.15	00:00:00	1.36210	1.36260	1.36105	1.36202	1519	0	13
2011.11.15	00:30:00	1.36204	1.36252	1.36165	1.36237	826	0	12
2011.11.15	01:00:00	1.36239	1.36325	1.36235	1.36238	1356	0	12
2011.11.15	01:30:00	1.36239	1.36362	1.36236	1.36335	1442	0	13
2011.11.15	02:00:00	1.36336	1.36402	1.36197	1.36205	1498	0	13
2011.11.15	02:30:00	1.36206	1.36318	1.36201	1.36235	1338	0	12
2011.11.15	03:00:00	1.36237	1.36350	1.36237	1.36319	1221	0	12
2011.11.15	03:30:00	1.36318	1.36333	1.36130	1.36206	1602	0	13
2011.11.15	04:00:00	1.36208	1.36234	1.36134	1.36228	1458	0	13
2011.11.15	04:30:00	1.36227	1.36255	1.36176	1.36191	1354	0	13
2011.11.15	05:00:00	1.36192	1.36200	1.36036	1.36046	1488	0	12
2011.11.15	05:30:00	1.36044	1.36063	1.35936	1.35992	1626	0	13
2011.11.15	06:00:00	1.35991	1.36080	1.35983	1.36074	1526	0	7
2011.11.15	06:30:00	1.36075	1.36161	1.36055	1.36086	1906	0	6
2011.11.15	07:00:00	1.36085	1.36124	1.35779	1.35809	1939	0	7
2011.11.15	07:30:00	1.35810	1.35935	1.35779	1.35879	1914	0	15
2011.11.15	08:00:00	1.35882	1.36189	1.35752	1.36078	2707	0	7
2011.11.15	08:30:00	1.36079	1.36180	1.35867	1.36026	2509	0	8
2011.11.15	09:00:00	1.36025	1.36176	1.35924	1.36025	3048	0	9
2011.11.15	09:30:00	1.36024	1.36024	1.35659	1.35744	3205	0	8
2011.11.15	10:00:00	1.35739	1.35757	1.35359	1.35453	3209	0	7
2011.11.15	10:30:00	1.35451	1.35590	1.35414	1.35450	2936	0	8
2011.11.15	11:00:00	1.35451	1.35699	1.35400	1.35551	2908	0	7
2011.11.15	11:30:00	1.35551	1.35560	1.35281	1.35351	2790	0	8
2011.11.15	12:00:00	1.35351	1.35406	1.35149	1.35245	2701	0	7
2011.11.15	12:30:00	1.35245	1.35385	1.35118	1.35353	2842	0	8
2011.11.15	13:00:00	1.35354	1.35516	1.35353	1.35459	2773	0	8
2011.11.15	13:30:00	1.35460	1.35629	1.35364	1.35404	2580	0	7
2011.11.15	14:00:00	1.35407	1.35557	1.35285	1.35421	2670	0	8
2011.11.15	14:30:00	1.35419	1.35618	1.35256	1.35389	3132	0	8
2011.11.15	15:00:00	1.35392	1.35528	1.35325	1.35499	2716	0	6
2011.11.15	15:30:00	1.35498	1.35727	1.35436	1.35610	3351	0	9
2011.11.15	16:00:00	1.35609	1.35612	1.35256	1.35492	3280	0	8
2011.11.15	16:30:00	1.35490	1.35620	1.35207	1.35209	3098	0	9
2011.11.15	17:00:00	1.35207	1.35369	1.35001	1.35037	2836	0	6
2011.11.15	17:30:00	1.35039	1.35265	1.34961	1.35235	2682	0	8
2011.11.15	18:00:00	1.35233	1.35463	1.35229	1.35354	2604	0	8
2011.11.15	18:30:00	1.35354	1.35492	1.35354	1.35433	2385	0	7
2011.11.15	19:00:00	1.35428	1.35468	1.35275	1.35411	2238	0	7
2011.11.15	19:30:00	1.35413	1.35564	1.35413	1.35493	2153	0	7
2011.11.15	20:00:00	1.35492	1.35498	1.35385	1.35411	1370	0	12
2011.11.15	20:30:00	1.35412	1.35458	1.35361	1.35407	1346	0	13
2011.11.15	21:00:00	1.35409	1.35520	1.35406	1.35500	1403	0	13
2011.11.15	21:30:00	1.35496	1.35496	1.35286	1.35298	1495	0	13
2011.11.15	22:00:00	1.35299	1.35341	1.35250	1.35332	1188	0	14
2011.11.15	22:30:00	1.35333	1.35397	1.35319	1.35390	938	0	13
2011.11.15	23:00:00	1.35389	1.35389	1.35279	1.35323	889	0	18
2011.11.15	23:30:00	1.35322	1.35366	1.35229	1.35252	1154	0	14
2011.11.16	00:00:00	1.35249	1.35320	1.35240	1.35257	1281	0	12
2011.11.16	00:30:00	1.35256	1.35267	1.35030	1.35033	1443	0	13
2011.11.16	01:00:00	1.35035	1.35152	1.34915	1.35002	1850	0	13
2011.11.16	01:30:00	1.35003	1.35157	1.34931	1.35156	1607	0	13
2011.11.16	02:00:00	1.35154	1.35183	1.35048	1.35161	1386	0	13
2011.11.16	02:30:00	1.35161	1.35161	1.34937	1.34947	1598	0	13
2011.11.16	03:00:00	1.34948	1.34948	1.34460	1.34556	2506	0	13
2011.11.16	03:30:00	1.34555	1.34591	1.34368	1.34550	2344	0	13
2011.11.16	04:00:00	1.34548	1.34616	1.34487	1.34510	1467	0	12
2011.11.16	04:30:00	1.34511	1.34638	1.34414	1.34615	1486	0	13
2011.11.16	05:00:00	1.34614	1.34615	1.34528	1.34547	1369	0	12
2011.11.16	05:30:00	1.34545	1.34618	1.34486	1.34616	1473	0	13
2011.11.16	06:00:00	1.34618	1.34642	1.34416	1.34436	2111	0	7
2011.11.16	06:30:00	1.34434	1.34514	1.34345	1.34433	2217	0	8
2011.11.16	07:00:00	1.34432	1.34500	1.34323	1.34483	1935	0	8
2011.11.16	07:30:00	1.34482	1.34573	1.34286	1.34336	2164	0	7
2011.11.16	08:00:00	1.34335	1.34517	1.34316	1.34431	2703	0	9
2011.11.16	08:30:00	1.34432	1.34702	1.34320	1.34595	2869	0	7
2011.11.16	09:00:00	1.34593	1.34971	1.34478	1.34861	3200	0	7
2011.11.16	09:30:00	1.34860	1.35373	1.34838	1.35278	3288	0	9
2011.11.16	10:00:00	1.35279	1.35447	1.35173	1.35295	3019	0	8
2011.11.16	10:30:00	1.35294	1.35432	1.35212	1.35384	2924	0	7
2011.11.16	11:00:00	1.35384	1.35560	1.35215	1.35215	2780	0	7
2011.11.16	11:30:00	1.35215	1.35240	1.34787	1.34848	3054	0	7
2011.11.16	12:00:00	1.34849	1.34849	1.34589	1.34739	2916	0	8
2011.11.16	12:30:00	1.34738	1.34777	1.34548	1.34715	2859	0	8
2011.11.16	13:00:00	1.34713	1.35194	1.34641	1.35038	2883	0	9
2011.11.16	13:30:00	1.35037	1.35160	1.34834	1.34916	2546	0	10
2011.11.16	14:00:00	1.34916	1.35038	1.34797	1.34930	2230	0	10
2011.11.16	14:30:00	1.34920	1.34971	1.34605	1.34779	2780	0	8
2011.11.16	15:00:00	1.34768	1.34917	1.34719	1.34860	2522	0	6
2011.11.16	15:30:00	1.34861	1.35159	1.34786	1.35080	3145	0	8
2011.11.16	16:00:00	1.35077	1.35179	1.34888	1.35007	3092	0	11
2011.11.16	16:30:00	1.35007	1.35377	1.34951	1.35298	3198	0	9
2011.11.16	17:00:00	1.35296	1.35401	1.35034	1.35034	2648	0	6
2011.11.16	17:30:00	1.35036	1.35136	1.34935	1.35054	2638	0	8
2011.11.16	18:00:00	1.35055	1.35067	1.34973	1.35031	2122	0	18
2011.11.16	18:30:00	1.35030	1.35243	1.35015	1.35220	2332	0	7
2011.11.16	19:00:00	1.35219	1.35391	1.35191	1.35385	2241	0	8
2011.11.16	19:30:00	1.35383	1.35520	1.35322	1.35377	2313	0	8
2011.11.16	20:00:00	1.35378	1.35390	1.35182	1.35205	1633	0	13
2011.11.16	20:30:00	1.35203	1.35276	1.35093	1.35120	1647	0	12
2011.11.16	21:00:00	1.35120	1.35171	1.34936	1.34942	2015	0	13
2011.11.16	21:30:00	1.34941	1.34942	1.34739	1.34745	2398	0	13
2011.11.16	22:00:00	1.34746	1.34779	1.34569	1.34582	1746	0	14
2011.11.16	22:30:00	1.34581	1.34638	1.34521	1.34632	1447	0	14
2011.11.16	23:00:00	1.34629	1.34630	1.34470	1.34515	1432	0	18
2011.11.16	23:30:00	1.34517	1.34656	1.34483	1.34547	1206	0	14
2011.11.17	00:00:00	1.34552	1.34575	1.34283	1.34334	1552	0	13
2011.11.17	00:30:00	1.34336	1.34428	1.34213	1.34391	1722	0	15
2011.11.17	01:00:00	1.34390	1.34565	1.34381	1.34451	1703	0	13
2011.11.17	01:30:00	1.34451	1.34480	1.34293	1.34396	1571	0	13
2011.11.17	02:00:00	1.34396	1.34443	1.34226	1.34435	1843	0	14
2011.11.17	02:30:00	1.34439	1.34597	1.34389	1.34567	1611	0	13
2011.11.17	03:00:00	1.34567	1.34579	1.34466	1.34579	1385	0	13
2011.11.17	03:30:00	1.34578	1.34730	1.34574	1.34720	1705	0	13
2011.11.17	04:00:00	1.34719	1.34759	1.34605	1.34717	1394	0	13
2011.11.17	04:30:00	1.34717	1.34778	1.34668	1.34711	1487	0	13
2011.11.17	05:00:00	1.34710	1.34846	1.34706	1.34780	1226	0	13
2011.11.17	05:30:00	1.34779	1.34930	1.34706	1.34868	1241	0	12
2011.11.17	06:00:00	1.34870	1.34929	1.34786	1.34892	1911	0	9
2011.11.17	06:30:00	1.34892	1.35137	1.34856	1.35061	2074	0	7
2011.11.17	07:00:00	1.35063	1.35099	1.34943	1.35027	2009	0	7
2011.11.17	07:30:00	1.35028	1.35174	1.35019	1.35070	2261	0	8
2011.11.17	08:00:00	1.35070	1.35132	1.34824	1.34915	2631	0	8
2011.11.17	08:30:00	1.34914	1.34982	1.34696	1.34775	2680	0	8
2011.11.17	09:00:00	1.34773	1.35015	1.34676	1.34758	3155	0	9
2011.11.17	09:30:00	1.34758	1.34893	1.34525	1.34833	3154	0	8
2011.11.17	10:00:00	1.34832	1.34949	1.34690	1.34839	3082	0	8
2011.11.17	10:30:00	1.34842	1.34913	1.34366	1.34614	3070	0	9
2011.11.17	11:00:00	1.34616	1.34688	1.34389	1.34626	3356	0	10
2011.11.17	11:30:00	1.34630	1.34811	1.34591	1.34731	3122	0	7
2011.11.17	12:00:00	1.34731	1.34910	1.34667	1.34818	2822	0	7
2011.11.17	12:30:00	1.34818	1.34910	1.34572	1.34673	2702	0	8
2011.11.17	13:00:00	1.34671	1.34676	1.34365	1.34544	3117	0	8
2011.11.17	13:30:00	1.34544	1.34966	1.34453	1.34941	3178	0	8
2011.11.17	14:00:00	1.34940	1.35072	1.34785	1.34860	2830	0	6
2011.11.17	14:30:00	1.34860	1.35202	1.34836	1.35048	3031	0	8
2011.11.17	15:00:00	1.35049	1.35338	1.34996	1.35171	3270	0	7
2011.11.17	15:30:00	1.35170	1.35219	1.34911	1.35079	3288	0	7
2011.11.17	16:00:00	1.35082	1.35392	1.34999	1.35268	3520	0	9
2011.11.17	16:30:00	1.35268	1.35347	1.35072	1.35131	3367	0	9
2011.11.17	17:00:00	1.35130	1.35160	1.34973	1.35081	3097	0	9
2011.11.17	17:30:00	1.35082	1.35302	1.35078	1.35214	2782	0	7
2011.11.17	18:00:00	1.35212	1.35222	1.35003	1.35005	2743	0	8
2011.11.17	18:30:00	1.35006	1.35006	1.34592	1.34718	3313	0	8
2011.11.17	19:00:00	1.34722	1.34817	1.34489	1.34695	2961	0	8
2011.11.17	19:30:00	1.34695	1.34727	1.34501	1.34649	2856	0	8
2011.11.17	20:00:00	1.34650	1.34694	1.34569	1.34666	2188	0	13
2011.11.17	20:30:00	1.34667	1.34769	1.34603	1.34621	1827	0	13
2011.11.17	21:00:00	1.34620	1.34740	1.34565	1.34668	2005	0	13
2011.11.17	21:30:00	1.34668	1.34690	1.34571	1.34644	1812	0	13
2011.11.17	22:00:00	1.34645	1.34661	1.34524	1.34608	1484	0	13
2011.11.17	22:30:00	1.34609	1.34629	1.34540	1.34569	1149	0	14
2011.11.17	23:00:00	1.34568	1.34643	1.34544	1.34586	806	0	18
2011.11.17	23:30:00	1.34584	1.34695	1.34582	1.34688	1134	0	14
2011.11.18	00:00:00	1.34683	1.34718	1.34632	1.34659	1391	0	12
2011.11.18	00:30:00	1.34658	1.34669	1.34527	1.34533	1357	0	13
2011.11.18	01:00:00	1.34534	1.34639	1.34470	1.34620	1721	0	13
2011.11.18	01:30:00	1.34621	1.34655	1.34522	1.34580	1354	0	13
2011.11.18	02:00:00	1.34581	1.34664	1.34525	1.34651	1324	0	13
2011.11.18	02:30:00	1.34652	1.34657	1.34562	1.34618	1307	0	12
2011.11.18	03:00:00	1.34617	1.34848	1.34615	1.34832	1523	0	13
2011.11.18	03:30:00	1.34831	1.35032	1.34829	1.34918	1903	0	14
2011.11.18	04:00:00	1.34919	1.34977	1.34883	1.34915	1432	0	12
2011.11.18	04:30:00	1.34917	1.34974	1.34911	1.34921	1410	0	12
2011.11.18	05:00:00	1.34920	1.34923	1.34813	1.34834	1120	0	13
2011.11.18	05:30:00	1.34835	1.34840	1.34747	1.34773	1262	0	13
2011.11.18	06:00:00	1.34774	1.34793	1.34670	1.34759	1873	0	7
2011.11.18	06:30:00	1.34758	1.34854	1.34732	1.34756	1957	0	8
2011.11.18	07:00:00	1.34756	1.34944	1.34733	1.34926	2005	0	7
2011.11.18	07:30:00	1.34927	1.34961	1.34756	1.34819	2217	0	7
2011.11.18	08:00:00	1.34819	1.35184	1.34814	1.35130	2760	0	8
2011.11.18	08:30:00	1.35132	1.35305	1.35060	1.35152	2709	0	5
2011.11.18	09:00:00	1.35150	1.35223	1.34892	1.34946	3277	0	4
2011.11.18	09:30:00	1.34946	1.35114	1.34824	1.35011	2866	0	6
2011.11.18	10:00:00	1.35008	1.35449	1.34978	1.35409	3176	0	8
2011.11.18	10:30:00	1.35409	1.35484	1.35315	1.35367	2759	0	18
2011.11.18	11:00:00	1.35369	1.35468	1.35241	1.35241	2570	0	10
2011.11.18	11:30:00	1.35243	1.35266	1.35110	1.35243	2701	0	8
2011.11.18	12:00:00	1.35242	1.35246	1.35101	1.35216	2466	0	8
2011.11.18	12:30:00	1.35216	1.35958	1.35200	1.35941	2981	0	9
2011.11.18	13:00:00	1.35942	1.36000	1.35739	1.35951	3126	0	6
2011.11.18	13:30:00	1.35951	1.36136	1.35815	1.35816	3009	0	8
2011.11.18	14:00:00	1.35818	1.35863	1.35624	1.35706	2755	0	6
2011.11.18	14:30:00	1.35708	1.35881	1.35680	1.35817	2446	0	7
2011.11.18	15:00:00	1.35818	1.35871	1.35585	1.35711	2706	0	8
2011.11.18	15:30:00	1.35714	1.35727	1.35225	1.35398	3534	0	8
2011.11.18	16:00:00	1.35398	1.35398	1.34991	1.35143	3410	0	8
2011.11.18	16:30:00	1.35138	1.35382	1.35083	1.35225	3067	0	8
2011.11.18	17:00:00	1.35223	1.35229	1.35054	1.35137	2756	0	6
2011.11.18	17:30:00	1.35134	1.35203	1.35058	1.35198	2538	0	7
2011.11.18	18:00:00	1.35199	1.35202	1.34951	1.35111	2764	0	8
2011.11.18	18:30:00	1.35109	1.35334	1.35107	1.35156	2414	0	7
2011.11.18	19:00:00	1.35157	1.35304	1.35115	1.35273	2002	0	7
2011.11.18	19:30:00	1.35280	1.35376	1.35263	1.35285	1804	0	18
2011.11.18	20:00:00	1.35287	1.35360	1.35199	1.35241	1618	0	14
2011.11.18	20:30:00	1.35243	1.35321	1.35116	1.35135	1750	0	13
2011.11.18	21:00:00	1.35137	1.35170	1.35099	1.35122	1814	0	13
2011.11.18	21:30:00	1.35123	1.35214	1.35077	1.35158	1789	0	14
2011.11.18	22:00:00	1.35160	1.35226	1.35087	1.35194	1184	0	12
2011.11.18	22:30:00	1.35193	1.35239	1.35126	1.35216	1149	0	15
2011.11.18	23:00:00	1.35220	1.35224	1.35220	1.35222	7	0	57
